{"mods":{"0":false,"nav_menu_locations":{"main-menu":8},"custom_css_post_id":-1},"artemis_theme_general_options":{"lc_custom_logo":"http:\/\/artemistheme.com\/demo1\/wp-content\/uploads\/2017\/03\/logo_artemis_black.png","lc_custom_favicon":"","lc_custom_innner_bg_image":"","lc_menu_style":"classic_menu","lc_menu_message":"","lc_header_footer_width":"full","lc_default_color_scheme":"black_on_white","lc_enable_sticky_menu":"enabled","lc_back_to_top":"disabled","lc_404_bg_image":"http:\/\/artemistheme.com\/demo1\/wp-content\/uploads\/2017\/03\/5.jpg","lc_404_overlay":"rgba(0,0,0,0)","lc_404_styling":"background_text","lc_remove_sidebar_single":"disabled","lc_title_alignment":"left","lc_login_popup_enable":"yes","lc_login_popup_bg_image":""},"artemis_theme_social_options":{"lc_fb_url":"http:\/\/facebook.com","lc_twitter_url":"https:\/\/twitter.com\/","lc_gplus_url":"","lc_youtube_url":"","lc_soundcloud_url":"","lc_itunes_url":"","lc_pinterest_url":"https:\/\/www.pinterest.com\/"},"artemis_theme_footer_options":{"lc_footer_widgets_color_scheme":"black_on_white","lc_footer_widgets_background_image":"","lc_footer_widgets_background_color":"rgba(255, 255, 255, 0)","lc_copyright_text":"","lc_copyright_url":"","lc_copyright_text_color":"black_on_white","lc_copyright_text_bg_color":"rgba(255, 255, 255, 0)","lc_copyright_put_social":"enabled"},"artemis_theme_contact_options":{"lc_contact_address":"PO Box 16122 Collins Street West Victoria 8007 Australia","lc_contact_phone":"+88 (0) 101 1010 101","lc_contact_fax":"+88 (0) 101 1010 100","lc_contact_email":"support@smartwpress.com"},"artemis_theme_shop_options":{"lc_wishlist_page":"40","lc_shop_width":"lc_swp_full","lc_shop_sidebar":"none","lc_shop_sidebar_single":"none","lc_product_page_template":"type_1","lc_products_view_mode":"grid","lc_products_per_row":"4"},"customizer":{"lc_second_color":"#0a0101","current_menu_item_text_color":"#959595","menu_text_hover_color":"#959595","creative_menu_overlay_bg":"rgba(10,10,10,0.9)","creative_icons_color":"#ffffff","login_wishlist_color":"#0a0a0a","mobile_border_bottom_color":"#f2f2f2","above_the_menu_bar":"rgba(29,15,13,0.04)","above_the_menu_msg_color":"#0a0a0a","submenu_text_color":"#a0a0a0","submenu_bg_color":"#e5e5e5"},"show_on_front":"page","page_on_front":"4"}