[{"main-sidebar":["recent-posts-2","recent-comments-2","archives-2","categories-2","meta-2"],"footer-sidebar-1":["nav_menu-3"],"footer-sidebar-2":["artemis_swp_contact_data-2"],"footer-sidebar-3":["nav_menu-2"],"footer-sidebar-4":["text-2"]},{"recent-posts":{"2":{"title":"","number":5},"_multiwidget":1},"recent-comments":{"2":{"title":"","number":5},"_multiwidget":1},"archives":{"2":{"title":"","count":0,"dropdown":0},"_multiwidget":1},"categories":{"2":{"title":"","count":0,"hierarchical":0,"dropdown":0},"_multiwidget":1},"meta":{"2":{"title":""},"_multiwidget":1},"nav_menu":{"3":{"title":"Information","nav_menu":21},"2":{"title":"Account","nav_menu":10},"_multiwidget":1},"artemis_swp_contact_data":{"2":{"title":"Artemis Store","show_social_profiles":"on","replace_title_with_logo":"on"},"_multiwidget":1},"text":{"2":{"title":"About","text":"Lorem ipsum dolor sit amet, consectetur adipiscing elit. Turpis feugiat, mollis felis vel, viverra metus. Sed vel nulla non neque imperdiet. Aliquam egestas hendrerit euismod. \r\n\r\n<strong>WE SHIP EVERYWHERE! FREE SHIPPING!<\/strong>\r\n\r\n<div>\r\n<strong><i class=\"fa fa-cc-mastercard footer_cards\" aria-hidden=\"true\"><\/i><\/strong><strong><i class=\"fa fa-cc-visa footer_cards\" aria-hidden=\"true\"><\/i><\/strong><strong><i class=\"fa fa-paypal footer_cards\" aria-hidden=\"true\"><\/i><\/strong><strong><i class=\"fa fa-cc-discover footer_cards\" aria-hidden=\"true\"><\/i><\/strong><strong><i class=\"fa fa-cc-amex footer_cards\" aria-hidden=\"true\"><\/i><\/strong>\r\n<\/div>","filter":true},"_multiwidget":1}}]